<data>
  <agents>
    <agent id="eddy">
      <location>saloon</location>
      <nerve>0</nerve>
      <affinity>0</affinity>
      <facts>
        <fact id="301" status="true"/>
        <fact id="302" status="false"/>
        <fact id="303" status="notConfirmed"/>
      </facts>
      <items>
        <item>
          <type>gun</type>
          <count>1</count>
        </item>
        <item>
          <type>ball</type>
          <count>2</count>
        </item>
      </items>
    </agent>
	<agent id="byelik">
      <location>hall</location>
      <nerve>0</nerve>
      <affinity>0</affinity>
      <facts>
        <fact id="301" status="true"/>
        <fact id="302" status="false"/>
      </facts>
      <items>
        <item>
          <type>gun</type>
          <count>1</count>
        </item>
      </items>
    </agent>
  </agents>
  <locations>
    <location id="saloon">
      <adjacents>
        <adjacent>livingroom</adjacent>
        <adjacent>salon</adjacent>
        <adjacent>hall2</adjacent>
      </adjacents>
      <items>
        <item>
          <type>ball</type>
          <count>13</count>
        </item>
      </items>
    </location>
    <location id="hall">
      <adjacents>
        <adjacent>school</adjacent>
        <adjacent>house</adjacent>
        <adjacent>робота</adjacent>
      </adjacents>
      <items>
        <item>
          <type>gun</type>
          <count>1333</count>
        </item>
        <item>
          <type>gun</type>
          <count>1</count>
        </item>
        <item>
          <type>gun</type>
          <count>3442341</count>
        </item>
      </items>
    </location>
  </locations>
  <hints/>
  <facts>
    <fact id="29">Melany admits that mt.</fact>
    <fact id="30">Byelik</fact>
    <fact id="173.4327571466565">New Fact</fact>
  </facts>
  <beats>
    <beat id="4">
      <description>undefined</description>
      <agent>undefined</agent>
      <type>normal</type>
    </beat>
  </beats>
</data>