<node label="Folders">
  <node label="ODN">
         <node label="Group 1">
                 <node label="beat 1" description="test description" id="4" x="Sun Dec 23 12:31:53 GMT+0200 2012" y="50"/>
         </node>
         <node label="Group 2">
                 <node label="beat 2" description="test description" id="46" x="Thu Jan 3 19:19:30 GMT+0200 2013" y="70"/>
         </node>
         <node label="Group 1">
                 <node label="beat 3" description="test description" id="5" x="Thu Dec 20 20:48:17 GMT+0200 2012" y="60"/>
         </node>
  </node>
</node>