<node label="Folders">
  <node label="ODN">
    <node label="Group">
      <node label="beat: 4" id="4" x="Mon Dec 24 03:00:07 GMT+0200 2012" y="Mon Dec 24 03:00:07 GMT+0200 2012"/>
    </node>
    <node label="Group">
      <node label="beat: 46" id="46" x="Sun Jan 6 02:27:37 GMT+0200 2013" y="Sun Jan 6 02:27:37 GMT+0200 2013"/>
    </node>
    <node label="Group">
      <node label="beat: 5" id="5" x="Sun Dec 23 16:20:37 GMT+0200 2012" y="Sun Dec 23 16:20:37 GMT+0200 2012"/>
    </node>
    <node label="Group">
      <node label="beat: 47" id="47" x="Fri Dec 21 07:31:48 GMT+0200 2012" y="Fri Dec 21 07:31:48 GMT+0200 2012"/>
    </node>
  </node>
</node>